种类,品种,代码,1H_趋势,1H_交易价格,1H_交易时间,1H_盈亏%,1D_趋势,1D_交易价格,1D_交易时间,1D_盈亏%,1W_趋势,1W_交易价格,1W_交易时间,1W_盈亏%,1H_MACD,1H_DIF,1H_ADX,1H_ATR,1H_SAR,1H_价格,1D_MACD,1D_DIF,1D_ADX,1D_ATR,1D_SAR,1D_价格,1W_MACD,1W_DIF,1W_ADX,1W_ATR,1W_SAR,1W_价格
能源化工,玻璃,FG,下跌,1048.6562,2026-06-01 23:00:00,0.8255,上涨,1061.9075,2026-05-29 00:00:00,-0.5563,上涨,1059.0,2026-06-07 00:00:00,-0.2833,-3.908,2.9909,27.28,7.7745,1064.44,1040.0,2.9347,-0.7333,15.64,23.3963,1008.1,1056.0,5.7377,-11.0928,12.64,58.0359,1086.7273,1056.0
能源化工,纯碱,SA,下跌,1213.0,2026-06-01 23:00:00,0.4122,上涨,1207.0,2026-05-29 00:00:00,1.1599,下跌,1199.919,2026-05-24 00:00:00,-1.7569,-2.9422,3.1591,29.83,6.873,1233.42,1208.0,2.7322,-3.5854,16.94,19.0476,1179.2698,1221.0,6.5009,-4.4486,13.52,47.7469,1299.1079,1221.0
能源化工,PVC,V,下跌,4944.0,2026-06-02 11:15:00,0.1416,上涨,4911.0,2026-06-01 00:00:00,1.6697,下跌,5223.5887,2026-05-10 00:00:00,4.4144,-4.452,16.1578,30.45,7.2639,4926.5416,4937.0,3.1543,-83.415,10.46,24.2319,4811.524,4993.0,-97.4214,24.8089,19.39,59.6828,6090.723,4993.0
能源化工,原油,SC,上涨,595.1,2026-06-01 10:45:00,0.4537,下跌,615.5311,2026-05-25 00:00:00,3.1893,下跌,660.0,2026-05-24 00:00:00,9.7121,2.585,3.5261,33.47,13.6898,619.6,597.8,-12.7909,-15.7582,17.49,49.5232,663.4409,595.9,-20.196,33.5205,28.32,108.7646,805.341,595.9
能源化工,甲醇,MA,上涨,2791.0,2026-05-29 15:00:00,4.0129,下跌,2845.5123,2026-05-25 00:00:00,-0.6497,下跌,2823.981,2026-05-31 00:00:00,-1.4171,30.0363,16.5901,31.85,11.5861,2822.8248,2903.0,-19.6412,-31.1183,13.3,34.034,2988.1925,2864.0,-34.3022,150.2989,35.8,78.4454,3505.7377,2864.0
能源化工,尿素,UR,下跌,1842.2299,2026-05-29 10:00:00,1.0981,下跌,1950.2538,2026-05-08 00:00:00,6.0122,下跌,1848.0,2026-05-24 00:00:00,0.8117,-6.3505,-7.4206,20.15,7.3144,1857.8283,1822.0,-7.7774,-20.9143,18.7,18.6014,1905.0,1833.0,-22.3103,31.9848,26.92,38.0749,2071.2684,1833.0
能源化工,沥青,BU,上涨,4190.0,2026-05-26 23:00:00,3.747,下跌,4372.0,2026-05-20 00:00:00,0.8234,上涨,3241.0,2026-01-11 00:00:00,33.7859,40.8018,41.4167,36.22,10.185,4273.2295,4347.0,-43.0588,-5.1584,14.12,29.6842,4405.2395,4336.0,23.1825,261.9793,41.94,64.0075,4733.5,4336.0
能源化工,橡胶,RU,上涨,17670.0,2026-05-28 14:15:00,2.9145,上涨,17850.0,2026-05-29 00:00:00,1.2045,上涨,14909.6297,2025-07-20 00:00:00,21.1633,32.3544,135.0834,50.96,7.0601,17781.8849,18185.0,2.3247,146.5022,21.67,19.5885,17220.0,18065.0,186.8869,554.7444,29.83,38.2291,16621.3593,18065.0
能源化工,燃油,FU,上涨,3831.0,2026-06-01 10:00:00,1.4096,下跌,4050.8226,2026-05-15 00:00:00,3.2295,下跌,3873.349,2026-05-31 00:00:00,-1.2044,37.7267,15.0817,30.63,16.4536,3801.902,3885.0,-84.4848,-94.812,13.73,47.9828,4179.4371,3920.0,-93.4118,303.1923,30.7,102.942,4947.1838,3920.0
能源化工,纸浆,SP,下跌,4980.0,2026-05-27 14:15:00,2.6104,下跌,5114.0,2026-05-15 00:00:00,4.4583,下跌,5300.0,2026-02-08 00:00:00,7.8113,-10.8166,-27.4941,38.44,4.4208,4880.16,4850.0,-24.1218,-47.5742,22.43,12.4314,5056.0362,4886.0,-60.0432,-98.9582,14.55,30.7914,5180.28,4886.0
能源化工,乙二醇,EG,上涨,4470.7921,2026-05-26 22:00:00,1.1678,下跌,4833.0,2026-05-12 00:00:00,6.5798,下跌,4465.4802,2026-05-31 00:00:00,-1.1089,25.3521,13.2156,29.39,11.2432,4439.9871,4523.0,-53.4232,-116.984,22.65,36.302,4608.6644,4515.0,-77.6353,139.7164,41.07,77.8958,5654.3933,4515.0
能源化工,PTA,TA,上涨,6019.099,2026-05-26 22:00:00,3.67,下跌,6519.9125,2026-05-11 00:00:00,4.8453,下跌,6297.03,2026-05-24 00:00:00,1.4774,24.6222,30.3269,28.92,10.0577,6097.6817,6240.0,-44.8475,-97.049,17.56,32.648,6284.2171,6204.0,-137.9765,316.994,37.96,71.4923,6910.7518,6204.0
能源化工,苯乙烯,EB,上涨,8825.6729,2026-05-27 23:00:00,-1.4126,下跌,9040.0,2026-05-08 00:00:00,3.1195,下跌,9202.1317,2026-05-24 00:00:00,4.8264,23.3993,-40.3947,23.82,12.0013,8861.0,8701.0,-96.8816,-243.5287,25.2,36.1949,9290.0987,8758.0,-295.4105,458.6292,40.03,73.5445,10560.2451,8758.0
能源化工,合成橡胶,BR,上涨,14578.3603,2026-05-26 22:00:00,0.903,下跌,15830.0,2026-05-20 00:00:00,6.4119,下跌,15100.0575,2026-05-24 00:00:00,1.8878,68.8228,35.6,27.67,13.2786,14920.0,14710.0,-198.4202,-372.1246,18.85,37.3874,15198.1953,14815.0,-403.5794,785.9499,41.45,78.8828,17634.1782,14815.0
能源化工,LPG,PG,上涨,5576.2114,2026-05-28 11:15:00,1.7716,下跌,5835.7226,2026-05-25 00:00:00,3.2853,下跌,5561.3966,2026-05-31 00:00:00,-1.4853,61.9047,11.1079,37.7,14.6121,5531.2523,5675.0,-112.0231,-60.098,17.14,38.7508,6051.6181,5644.0,-78.9791,353.2189,35.41,87.443,6891.3024,5644.0
能源化工,塑料,L,上涨,7748.1213,2026-05-27 23:00:00,2.8636,下跌,8141.2155,2026-05-12 00:00:00,2.1276,下跌,7910.4941,2026-05-31 00:00:00,-0.727,31.1314,43.7952,33.71,9.1709,8097.0,7970.0,-29.6082,-103.43,13.02,25.5463,7655.0,7968.0,-80.6962,253.5277,37.66,56.5797,9094.892,7968.0
能源化工,聚丙烯,PP,上涨,8480.2015,2026-05-28 10:00:00,2.1202,下跌,8666.0513,2026-05-25 00:00:00,0.6237,上涨,6365.0,2026-01-11 00:00:00,35.3024,54.4223,32.5972,26.48,9.0532,8493.5644,8660.0,-79.9046,-17.8069,15.04,26.8343,8965.3046,8612.0,0.5827,480.4194,46.16,56.7529,9575.0605,8612.0
能源化工,低硫燃油,LU,上涨,4728.0,2026-06-01 11:15:00,-0.1058,下跌,4828.5532,2026-05-25 00:00:00,2.186,下跌,4570.7052,2026-06-07 00:00:00,-3.332,45.3281,0.0447,24.19,16.7526,4650.4649,4723.0,-99.286,-26.9939,11.43,49.9774,5304.128,4723.0,-40.3478,366.1396,28.17,106.0808,5843.1329,4723.0
能源化工,20号胶,NR,上涨,14840.0,2026-05-28 11:15:00,6.9407,上涨,15370.0,2026-06-01 00:00:00,2.3422,上涨,12340.0,2025-12-21 00:00:00,27.4716,50.9289,223.2793,49.32,9.9736,15430.0,15870.0,57.5636,248.1913,34.97,23.8065,14541.728,15730.0,345.8216,646.5675,30.65,42.8635,14090.7427,15730.0
能源化工,短纤,PF,上涨,7556.0,2026-05-26 15:00:00,2.1705,下跌,8028.0,2026-05-11 00:00:00,3.3134,下跌,8038.0,2026-05-24 00:00:00,3.4337,4.2511,8.919,29.09,8.2319,7637.24,7720.0,-66.6912,-112.2299,18.03,26.8547,8075.1375,7762.0,-113.5965,338.055,35.51,56.1279,8614.3123,7762.0
黑色金属,焦煤,JM,上涨,1307.4494,2026-06-01 10:00:00,4.2105,上涨,1325.0338,2026-05-26 00:00:00,3.9219,上涨,1215.0,2026-04-26 00:00:00,13.3333,7.2917,29.0171,47.63,11.7282,1326.9292,1362.5,18.5828,22.2855,27.05,32.743,1173.017,1377.0,29.8288,41.8594,17.55,70.8968,1120.7521,1377.0
黑色金属,螺纹钢,RB,上涨,3155.7036,2026-05-28 10:00:00,0.5798,下跌,3208.6637,2026-05-18 00:00:00,0.9868,上涨,3120.0,2026-03-29 00:00:00,1.8269,4.3757,3.6273,43.85,2.9504,3164.3419,3174.0,-19.5951,-5.2815,24.19,10.2965,3226.2431,3177.0,9.8354,20.5514,12.93,21.4662,3092.0039,3177.0
黑色金属,铁矿石,I,上涨,785.0,2026-06-01 23:00:00,-0.3822,下跌,803.0,2026-05-19 00:00:00,2.7397,下跌,778.7654,2026-06-07 00:00:00,-0.2869,1.1667,-0.676,17.62,4.6337,778.5293,782.0,-6.4964,-3.1416,14.78,14.364,800.6083,781.0,-1.2929,3.1889,11.59,35.5842,764.1394,781.0
黑色金属,热卷,HC,上涨,3375.6595,2026-05-27 23:00:00,0.5137,下跌,3424.0681,2026-05-18 00:00:00,0.7029,上涨,3317.0452,2026-03-22 00:00:00,2.5009,3.6957,4.5936,37.68,3.1548,3389.0,3393.0,-22.1909,1.5064,29.87,10.7247,3351.0,3400.0,21.7509,33.9407,16.36,20.0684,3342.8816,3400.0
黑色金属,锰硅,SM,上涨,6046.6869,2026-06-01 10:00:00,-0.1767,上涨,5950.6518,2026-05-25 00:00:00,1.5015,下跌,6076.0,2026-05-10 00:00:00,0.5925,6.403,25.351,31.07,6.7151,5979.8119,6036.0,41.1823,-35.3422,17.66,16.0042,5879.2529,6040.0,-63.8258,22.6791,20.68,33.7603,6534.286,6040.0
黑色金属,不锈钢,SS,上涨,14915.1145,2026-06-01 22:00:00,0.3345,下跌,15200.0,2026-05-11 00:00:00,2.3026,下跌,14782.8205,2026-06-07 00:00:00,-0.4544,35.361,24.3788,36.18,5.37,14767.4576,14965.0,-69.8917,-8.3304,22.49,16.5696,14644.0819,14850.0,-28.6279,448.6445,32.23,31.0416,14454.4897,14850.0
黑色金属,硅铁,SF,下跌,5890.0,2026-05-28 15:00:00,0.034,上涨,5766.1426,2026-04-27 00:00:00,2.148,上涨,5997.2252,2026-05-31 00:00:00,-1.7879,-2.6962,2.8127,15.65,8.2997,5806.68,5888.0,7.3225,27.0668,23.58,20.1761,5783.7943,5890.0,11.5027,50.6416,25.17,35.1147,5612.1708,5890.0
黑色金属,焦炭,J,上涨,1928.3113,2026-06-01 10:00:00,2.7842,上涨,1885.8579,2026-05-26 00:00:00,5.6813,上涨,1767.4918,2026-04-26 00:00:00,12.7587,4.5981,34.243,52.42,9.4412,1954.74,1982.0,28.6522,35.8388,29.24,28.7308,1748.9686,1993.0,42.1177,55.6291,22.75,57.3436,1719.0,1993.0
贵金属,沪金,AU,下跌,984.5706,2026-06-01 14:45:00,0.6633,下跌,1022.2603,2026-05-15 00:00:00,3.7838,下跌,1044.0,2026-03-29 00:00:00,5.7874,-2.1021,-1.9911,22.54,4.3534,981.9039,978.04,-2.8559,-15.8348,26.39,19.7404,1021.5305,983.58,-36.1859,8.8445,29.61,53.037,1090.9974,983.58
贵金属,沪银,AG,上涨,18225.0463,2026-06-02 10:45:00,-0.6038,下跌,18949.0,2026-05-19 00:00:00,4.1849,下跌,18880.8146,2026-03-22 00:00:00,3.8389,6.2054,-40.7104,17.91,11.3027,17860.98,18115.0,-264.6638,-286.562,14.27,48.1328,20658.2934,18156.0,-1002.3431,823.2713,33.38,130.7919,23462.3917,18156.0
有色金属,碳酸锂,LC,下跌,177381.4496,2026-06-02 10:00:00,2.6956,上涨,181000.0,2026-06-01 00:00:00,-1.1602,下跌,185500.0,2026-05-31 00:00:00,3.558,-294.2512,-1453.4714,23.24,17.3506,182311.6,172600.0,-4546.752,-42.3883,16.75,44.2935,189397.9594,178900.0,-2210.9879,19434.1395,51.51,99.5701,149420.1036,178900.0
有色金属,氧化铝,AO,下跌,2843.0,2026-05-27 15:00:00,0.1407,上涨,2839.3224,2026-05-27 00:00:00,1.8553,下跌,2736.6553,2026-04-12 00:00:00,-5.6764,-16.4611,-0.0312,42.62,7.0816,2905.0922,2839.0,34.4999,13.4667,19.37,19.8376,2714.3772,2892.0,26.4657,-7.5601,14.18,51.3666,2929.4357,2892.0
有色金属,沪铜,CU,上涨,104630.9721,2026-05-29 00:00:00,1.2893,下跌,104480.0,2026-05-19 00:00:00,-0.1914,下跌,100287.4808,2026-03-22 00:00:00,-4.3799,289.2032,312.7167,45.45,4.478,105099.935,105980.0,-471.3044,808.0416,26.57,15.0152,108019.5018,104680.0,-147.3145,3530.5925,44.03,36.5488,92523.2592,104680.0
有色金属,工业硅,SI,上涨,8472.4547,2026-05-20 11:15:00,2.5087,上涨,8758.0275,2026-06-01 00:00:00,-0.1487,下跌,8700.0,2026-05-31 00:00:00,-0.5172,23.3991,42.0291,38.82,6.5986,8570.5595,8685.0,6.9063,-8.8819,16.93,17.9247,8405.0,8745.0,45.1509,-31.9716,9.56,46.1473,8405.0,8745.0
有色金属,沪锡,SN,上涨,423710.0,2026-05-28 23:00:00,4.4087,下跌,413990.0,2026-05-19 00:00:00,-4.3117,上涨,418779.3199,2026-05-24 00:00:00,3.1188,2829.9548,4415.7577,49.61,9.4735,426360.1729,442390.0,-535.7768,8593.6361,22.37,29.8777,400964.6,431840.0,3358.1973,25241.0902,37.79,73.434,338095.2808,431840.0
有色金属,沪镍,NI,上涨,144330.0,2026-06-01 22:00:00,-0.4504,上涨,143920.0,2026-05-29 00:00:00,-0.2362,下跌,143850.0,2026-06-07 00:00:00,0.1877,93.1329,118.9951,23.94,6.7825,142521.8653,143680.0,-980.9707,182.3567,14.63,23.0214,145924.3047,143580.0,-74.4069,4445.9871,23.94,48.4588,133199.3592,143580.0
有色金属,沪铝,AL,上涨,24312.1346,2026-06-01 10:00:00,0.8344,下跌,24866.2744,2026-04-24 00:00:00,2.036,下跌,24392.7362,2026-05-03 00:00:00,0.1342,55.1132,25.514,39.86,3.3505,24213.0,24515.0,-36.6932,-83.5583,7.68,13.6352,24987.4712,24360.0,-289.7645,550.6119,41.16,34.5452,25570.2562,24360.0
有色金属,沪锌,ZN,上涨,24750.0,2026-06-01 23:00:00,0.303,下跌,24700.0,2026-05-28 00:00:00,-0.081,上涨,24830.6818,2026-05-24 00:00:00,-0.4457,19.9988,-1.8834,31.47,3.7714,24658.3434,24825.0,-31.9891,206.0239,16.22,13.1906,25151.438,24720.0,105.2812,366.5964,30.5,30.634,25233.6802,24720.0
有色金属,沪铅,PB,下跌,16560.0,2026-06-02 11:15:00,0.0302,下跌,16560.0,2026-05-29 00:00:00,0.0,下跌,16580.0,2026-06-07 00:00:00,0.1206,7.4163,-17.2734,18.13,2.6138,16629.1751,16555.0,-10.1136,-17.2168,10.63,8.9663,16440.3533,16560.0,-2.5875,-118.4912,22.29,21.7112,17528.2177,16560.0
有色金属,国际铜,BC,上涨,93008.2927,2026-05-29 00:00:00,1.2813,下跌,92520.0,2026-05-19 00:00:00,-0.4323,下跌,87054.8972,2026-03-15 00:00:00,-6.7372,269.6203,299.2082,44.4,4.6148,92739.4614,94200.0,-398.9648,727.465,26.59,15.6092,95968.75,92920.0,-90.3482,3080.5,44.0,38.8739,82930.7015,92920.0
农产品,生猪,LH,上涨,12115.0,2026-05-29 11:15:00,-1.981,上涨,12120.0,2026-05-29 00:00:00,-0.4538,上涨,11280.0,2026-04-26 00:00:00,6.9592,101.3065,302.4656,48.56,11.04,10886.0284,11875.0,166.1715,179.8323,22.71,24.5556,10635.0,12065.0,451.8992,-111.4017,25.17,48.2962,9556.2728,12065.0
农产品,棉花,CF,上涨,16161.4226,2026-06-01 10:00:00,0.7028,下跌,16285.2337,2026-05-12 00:00:00,-0.3056,上涨,13725.0,2025-12-07 00:00:00,19.0164,19.6629,58.7012,23.64,4.5812,16148.6938,16275.0,-50.4997,44.9763,24.59,14.0507,15855.0,16335.0,40.0535,541.3127,51.75,26.9502,16911.44,16335.0
农产品,鸡蛋,JD,上涨,4653.3153,2026-05-29 11:15:00,2.8514,上涨,3316.1799,2026-04-21 00:00:00,47.1573,上涨,3152.0,2026-02-15 00:00:00,54.8223,15.8835,92.5637,43.8,12.9765,4730.7508,4786.0,29.3713,291.1592,59.16,23.372,4524.92,4880.0,339.1019,370.4292,31.31,42.6407,3767.1288,4880.0
农产品,豆粕,M,下跌,2983.6377,2026-06-02 10:00:00,0.3565,上涨,2991.0,2026-05-29 00:00:00,0.0669,上涨,2799.0,2026-03-01 00:00:00,6.931,-3.1958,-2.0368,19.94,3.7928,2996.2,2973.0,-8.099,-0.1174,13.91,11.305,3028.7866,2993.0,16.4661,27.0219,23.06,28.3507,2960.0,2993.0
农产品,白糖,SR,上涨,5403.0,2026-05-28 23:00:00,0.5923,下跌,5419.0,2026-05-19 00:00:00,-0.4982,下跌,5431.0,2026-05-24 00:00:00,-0.2762,3.064,14.8002,34.76,3.3865,5413.2804,5435.0,-4.028,0.8768,12.93,9.017,5339.0,5446.0,36.7445,0.8115,18.71,19.8741,5537.94,5446.0
农产品,玉米,C,上涨,2324.9944,2026-06-01 22:00:00,0.1293,下跌,2393.1653,2026-05-06 00:00:00,2.6394,下跌,2349.3542,2026-05-24 00:00:00,0.8238,2.3203,1.7269,12.87,2.8494,2322.7956,2328.0,-6.5094,-17.9832,29.1,8.5057,2343.478,2330.0,-18.8872,23.2767,32.31,19.3302,2437.0176,2330.0
农产品,棕榈油,P,上涨,9499.5453,2026-05-26 10:00:00,2.3944,上涨,9622.442,2026-06-01 00:00:00,1.1074,下跌,9420.0,2026-05-24 00:00:00,-3.2803,17.9005,53.191,44.98,5.3739,9656.7446,9727.0,22.2844,-13.7581,8.89,17.3515,9332.0,9729.0,-8.4978,193.6403,18.78,39.7554,10151.28,9729.0
农产品,菜粕,RM,上涨,2288.0616,2026-05-28 14:15:00,0.6529,下跌,2375.4295,2026-05-14 00:00:00,2.0388,下跌,2302.0,2026-06-07 00:00:00,-1.086,2.2075,0.6582,36.47,4.8342,2302.9137,2303.0,-11.5649,-13.495,15.72,14.9173,2353.3574,2327.0,8.6042,-18.9654,14.94,41.44,2563.8416,2327.0
农产品,苹果,AP,下跌,7539.941,2026-05-28 14:15:00,0.4369,上涨,7559.9141,2026-05-07 00:00:00,-1.0835,下跌,9915.0,2026-04-05 00:00:00,24.5789,-7.8955,-10.6378,20.69,5.9446,7557.2332,7507.0,122.773,-203.6824,43.84,18.5897,7613.02,7478.0,-481.8205,-442.1998,34.66,58.3532,9263.8566,7478.0
农产品,豆一,A,下跌,4855.7511,2026-05-28 10:00:00,3.1046,下跌,4706.7178,2026-06-01 00:00:00,-0.0697,下跌,4707.2338,2026-05-24 00:00:00,-0.0588,-8.6965,-30.6673,32.27,5.2654,4757.3961,4705.0,-17.5579,-10.9517,14.61,16.9425,4901.0,4710.0,-45.3676,134.793,40.64,34.4519,4606.6222,4710.0
农产品,红枣,CJ,上涨,9023.4971,2026-05-25 11:15:00,5.724,上涨,9372.0473,2026-05-27 00:00:00,2.1655,上涨,9221.7437,2026-03-15 00:00:00,3.8307,38.729,114.8392,57.49,9.2277,9498.0,9540.0,59.9081,86.5495,20.34,17.9256,8974.6185,9575.0,215.0849,-47.9127,12.66,40.0439,8564.5235,9575.0
农产品,豆油,Y,下跌,8547.0,2026-06-02 11:15:00,-0.1755,上涨,8582.3106,2026-06-01 00:00:00,0.1595,下跌,8430.0,2026-05-24 00:00:00,-1.9692,-2.1806,23.2017,37.73,3.5493,8604.2304,8562.0,9.0687,-3.6993,9.4,10.8571,8660.5736,8596.0,-0.6931,106.8358,30.89,25.0875,8361.7591,8596.0
农产品,菜油,OI,上涨,9664.0,2026-05-26 23:00:00,3.394,上涨,9846.2111,2026-05-29 00:00:00,0.8814,上涨,9640.3913,2026-03-08 00:00:00,3.0352,2.1405,62.1413,54.34,4.8381,9901.88,9992.0,42.3401,40.9167,14.41,13.3388,9520.9168,9933.0,70.1882,95.2091,20.21,33.1331,9285.2371,9933.0
农产品,豆二,B,下跌,3569.9464,2026-06-02 10:00:00,-0.0855,上涨,3582.0,2026-06-01 00:00:00,0.3908,下跌,3611.2916,2026-05-10 00:00:00,0.4234,-2.6962,1.0992,22.62,5.0183,3601.02,3573.0,1.4161,-18.8396,12.13,13.9495,3536.7886,3596.0,-14.6963,-11.9318,14.61,32.5068,3515.0,3596.0
农产品,玉米淀粉,CS,下跌,2680.3367,2026-06-02 11:15:00,-0.174,上涨,2692.8282,2026-06-01 00:00:00,-0.2907,下跌,2679.3031,2026-05-24 00:00:00,-0.2126,-0.3399,4.8399,27.6,3.3718,2697.0,2685.0,2.684,-19.669,25.79,9.2372,2642.02,2685.0,-20.7995,34.0984,25.71,21.3396,2806.9911,2685.0
农产品,花生,PK,上涨,8170.0,2026-06-01 15:00:00,-0.0734,下跌,8416.0,2026-04-30 00:00:00,2.9705,下跌,8132.0,2026-05-31 00:00:00,-0.4181,4.0473,-4.6312,20.06,3.2194,8108.0,8164.0,-17.5239,-33.6976,24.99,7.7804,8196.0,8166.0,-18.0266,62.244,22.13,19.6651,8457.9648,8166.0
农产品,棉纱,CY,上涨,22378.5034,2026-05-28 22:00:00,1.2132,上涨,22265.0,2026-05-27 00:00:00,1.9987,上涨,19897.2805,2025-11-30 00:00:00,14.1362,22.1898,111.1151,40.91,5.2678,22480.0,22650.0,36.1528,85.4864,21.56,11.0998,21921.7,22710.0,89.0501,576.6989,57.39,20.9851,22894.41,22710.0
农产品,菜籽,RS,上涨,5711.0,2026-05-27 11:15:00,1.8035,上涨,5747.5809,2026-05-28 00:00:00,2.9129,下跌,5500.1679,2026-04-12 00:00:00,-7.5422,19.7606,24.2592,33.33,11.3028,5678.3776,5814.0,26.3819,-0.693,12.46,21.2757,5573.5928,5915.0,-26.1291,84.9117,23.93,51.72,6080.4316,5915.0
农产品,粳米,RR,下跌,3568.0,2026-06-01 15:00:00,0.2242,上涨,3569.6744,2026-05-29 00:00:00,-0.187,下跌,3542.0,2026-05-24 00:00:00,-0.5929,-2.5441,3.0204,17.79,1.9114,3583.9259,3560.0,4.8362,-9.5666,23.96,5.0608,3537.1,3563.0,-8.037,-7.0991,25.38,12.6631,3694.1271,3563.0
金融板块,中证 1000,IM,下跌,8519.3117,2026-05-26 11:30:00,2.4287,下跌,8632.9805,2026-05-21 00:00:00,3.7899,上涨,8130.0,2026-04-26 00:00:00,2.1624,-17.6607,-69.2575,25.93,12.0346,8477.1494,8312.4,-126.6618,66.3882,25.62,23.7205,8780.3973,8305.8,10.6983,266.7124,18.72,43.1318,7513.1281,8305.8
金融板块,中证 500,IC,下跌,8386.4435,2026-05-27 14:00:00,1.8511,下跌,8434.4794,2026-05-19 00:00:00,2.4812,上涨,8377.6,2026-05-10 00:00:00,-1.8191,-28.3999,-70.2064,28.76,12.1882,8364.7807,8231.2,-114.3668,49.1552,30.52,24.793,8634.8153,8225.2,-42.0407,274.2945,21.21,46.1717,7394.9051,8225.2
金融板块,沪深 300,IF,下跌,4802.5398,2026-05-28 10:30:00,-0.8383,下跌,4810.0,2026-05-18 00:00:00,-0.0208,上涨,4717.3699,2026-04-26 00:00:00,1.9848,-6.1518,-0.7066,14.06,8.0338,4897.1529,4842.8,-21.5549,38.1672,34.6,16.2197,4746.3735,4811.0,25.9211,86.8935,19.95,29.277,4505.8155,4811.0
金融板块,上证 50,IH,下跌,2890.2226,2026-06-01 11:30:00,0.0077,下跌,2910.9245,2026-05-18 00:00:00,1.0555,下跌,3093.756,2026-02-01 00:00:00,6.9028,-0.0638,-11.1251,28.85,6.4122,2900.1811,2890.0,-20.0393,-9.5376,13.51,14.1579,2947.54,2880.2,-16.0833,-12.8381,16.47,28.0253,2789.1902,2880.2
金融板块,十年国债,T,下跌,109.195,2026-06-02 10:30:00,-0.0229,上涨,109.04,2026-05-28 00:00:00,0.1513,上涨,108.1602,2026-02-01 00:00:00,0.966,-0.0063,0.0856,56.51,0.4921,109.195,109.22,0.0355,0.1439,18.97,1.3336,108.7199,109.205,0.1696,0.216,14.33,3.1577,108.4172,109.205
金融板块,五年国债,TF,上涨,106.25,2026-05-27 14:00:00,0.16,下跌,106.18,2026-05-26 00:00:00,-0.2213,上涨,105.87,2026-02-01 00:00:00,0.5148,0.0084,0.0228,28.51,0.3734,106.3859,106.42,-0.0184,0.0577,18.15,1.0094,106.5584,106.415,0.073,0.1449,18.07,2.1852,106.0271,106.415
金融板块,二年国债,TS,上涨,102.646,2026-06-01 15:15:00,0.0078,下跌,102.622,2026-05-27 00:00:00,-0.0253,上涨,102.4971,2026-02-15 00:00:00,0.1472,0.0024,0.0046,16.45,0.1429,102.634,102.654,-0.0017,0.026,26.73,0.3837,102.6835,102.648,0.0278,0.0527,31.39,0.86,102.4405,102.648
