品种,代码,最新价,15m趋势,1H趋势,日线趋势,周线趋势,上次交易时间(1H),方向(1H),上次交易价格(1H),策略盈亏(1H),持仓时间,15m_MACD,15m_ADX,1H_MACD,1H_ADX,1D_MACD,1D_ADX,1W_MACD,1W_ADX
碳酸锂,LC,164360.0,上涨,下跌,下跌,下跌,2026-06-02 10:00:00,做空,177381.4496,+73.41%,3天6小时19分,1015.9965,22.85,-512.3083,53.65,-6332.9373,19.78,-4528.8454,50.26
氧化铝,AO,2766.0,下跌,上涨,上涨,下跌,2026-06-05 15:00:00,做多,2766.8171,-0.30%,1小时20分,2.3115,18.84,1.6641,49.6,6.0955,17.59,9.6179,14.18
沪锡,SN,417850.0,下跌,下跌,上涨,上涨,2026-06-03 15:00:00,做空,444079.6534,+59.07%,2天1小时20分,-405.4114,65.29,-5913.1163,59.92,1299.7488,25.66,3128.4332,38.19
沪镍,NI,138490.0,下跌,下跌,上涨,下跌,2026-06-03 10:00:00,做空,144072.8131,+38.75%,2天6小时20分,83.0781,20.24,-223.1875,57.51,-1254.7851,13.53,-688.3387,23.43
焦煤,JM,1459.0,上涨,上涨,上涨,上涨,2026-06-03 22:00:00,做多,1390.5,+49.26%,1天18小时20分,2.9742,34.91,1.8604,49.21,35.0521,32.96,36.7849,17.99
焦炭,J,2041.5,下跌,下跌,上涨,上涨,2026-06-05 10:00:00,做空,2049.4804,+3.89%,6小时20分,-2.4349,25.38,-4.8573,44.36,41.6508,38.43,48.308,23.03
硅铁,SF,5870.0,下跌,下跌,上涨,上涨,2026-06-05 10:00:00,做空,5870.9439,+0.16%,6小时20分,-2.9047,26.7,-16.7205,24.43,4.1278,23.24,8.9496,25.17
生猪,LH,11780.0,下跌,下跌,上涨,上涨,2026-06-04 10:00:00,做空,12090.4251,+25.68%,1天6小时20分,-27.2674,45.85,-129.3646,25.22,226.8719,25.5,439.1363,25.24
鸡蛋,JD,4699.0,上涨,下跌,下跌,上涨,2026-06-02 15:00:00,做空,4751.0,+10.95%,3天1小时20分,15.7816,30.25,-37.8412,19.92,-20.1555,59.71,313.5746,31.31
菜粕,RM,2256.0,下跌,下跌,下跌,下跌,2026-06-03 22:00:00,做空,2303.5495,+20.64%,1天18小时21分,0.0063,30.43,-7.5666,36.84,-13.2077,17.22,-0.458,14.99
苹果,AP,7655.0,上涨,下跌,上涨,下跌,2026-06-05 14:15:00,做空,7633.4366,-2.82%,2小时6分,5.1689,16.99,-0.8556,45.43,142.1229,36.6,-462.1654,34.04
合成橡胶,BR,13875.0,下跌,下跌,下跌,下跌,2026-06-03 15:00:00,做空,14682.3523,+54.99%,2天1小时21分,-16.7192,64.9,-130.7999,51.4,-160.5502,20.81,-523.5566,41.07
LPG,PG,5649.0,上涨,下跌,下跌,下跌,2026-06-04 11:15:00,做空,5701.0,+9.12%,1天5小时6分,3.1039,24.02,-16.5061,24.26,-46.8584,14.48,-75.916,35.41
燃油,FU,3827.0,下跌,下跌,下跌,下跌,2026-06-04 10:00:00,做空,3872.3474,+11.71%,1天6小时21分,-3.3846,31.79,-18.2773,20.61,-32.6558,11.74,-98.0064,30.7
低硫燃油,LU,4753.0,下跌,下跌,下跌,下跌,2026-06-04 14:15:00,做空,4764.0,+2.31%,1天2小时6分,-2.1737,20.24,-12.6407,12.29,-44.6119,10.01,-30.5197,28.17
原油,SC,,,,,,,,,,,,,,,,,,
