品种代码,品种名称,种类,最新收盘价,周线趋势(1W),周线ADX,周线+DI,周线-DI,日线趋势(1D),日线ADX,日线+DI,日线-DI,1小时趋势(1H),1H_ADX,1H_+DI,1H_-DI,日线ATR(绝对值),日线ATR%,周线K线数,日线K线数,1HK线数
AG,沪银,贵金属,18484,上涨,33.03,31.7,19.1,上涨,12.32,24.19,29.14,上涨,28.87,19.9,22.75,989.2229,5.3518,104,484,1023
LU,低硫燃油,能源化工,5114,上涨,18.05,27.88,17.5,上涨,25.54,29.91,20.11,下跌,23.55,22.52,27.97,258.3236,5.0513,104,484,1023
FU,燃油,能源化工,4173,上涨,17.67,27.46,16.75,下跌,23.46,28.51,22.67,下跌,16.5,21.68,30.69,207.6451,4.9759,104,484,1023
SC,原油,能源化工,670.5,上涨,17.59,25.67,15.86,上涨,12.24,24.55,22.17,下跌,35.81,14.26,35.72,32.1484,4.7947,104,484,1023
LC,碳酸锂,有色金属,183100,上涨,38.9,31.51,11.43,上涨,13.63,23.15,22.95,下跌,30.69,19.86,34.33,8743.3379,4.7752,104,484,1023
PG,LPG,能源化工,6084,上涨,17.02,29.53,12.86,上涨,23.47,28.01,19.43,下跌,24.37,20.63,27.11,245.0841,4.0283,104,484,1023
BR,合成橡胶,能源化工,15660,上涨,21.23,27.86,12.71,下跌,13.45,21.35,20.64,下跌,20.9,13.29,32.21,596.6821,3.8102,104,484,1023
EG,乙二醇,能源化工,4731,上涨,20.25,25.79,13.35,下跌,10.43,20.44,21.72,下跌,12.35,15.84,27.45,178.6129,3.7754,104,484,1023
MA,甲醇,能源化工,2968,上涨,19.59,26.97,12.33,下跌,15.94,24.39,20.19,下跌,25,22.93,20.82,106.3256,3.5824,104,484,1023
EB,苯乙烯,能源化工,9336,上涨,27.25,25.62,15.51,下跌,21.18,22.28,21.67,下跌,15.93,23.58,20.62,334.2629,3.5804,104,484,1023
SN,沪锡,有色金属,417720,上涨,25.08,28.4,13.98,上涨,12.04,22.84,19.03,上涨,30.37,30,18.64,14453.9552,3.4602,104,484,1023
TA,PTA,能源化工,6374,上涨,21.89,23.97,11.49,下跌,16.95,20.94,19.86,下跌,13.09,15.08,23.85,214.9276,3.3719,104,484,1023
BU,沥青,能源化工,4386,上涨,20.22,25.47,13.23,上涨,16.07,25.47,21.78,上涨,14.57,22.97,23.9,134.6754,3.0706,104,484,1023
JM,焦煤,黑色金属,1218,上涨,14.44,22.81,19.06,上涨,19.28,22.96,18.75,上涨,33.31,15.69,27.08,34.8242,2.8591,104,484,1023
V,PVC,能源化工,4947,上涨,15.09,23,17.94,下跌,9.39,18.96,19.07,下跌,27.08,12.22,35.71,138.8434,2.8066,104,484,1023
PP,聚丙烯,能源化工,8920,上涨,25.68,30.75,11.19,下跌,29.88,30.96,16.83,下跌,23.06,23.52,20.31,244.8991,2.7455,104,484,1023
L,塑料,能源化工,8094,上涨,26.26,26.79,15.06,下跌,24.72,26.55,19.83,下跌,17,22.3,24.99,219.7286,2.7147,104,484,1023
PF,短纤,能源化工,7974,上涨,19.73,24.95,12.01,下跌,23.31,21.8,18.8,下跌,15.62,16.54,21.84,215.1133,2.6977,104,484,1023
NI,沪镍,有色金属,145390,上涨,16.5,22.39,15.44,上涨,14.27,22.42,17.69,上涨,20.56,28.95,25.44,3883.409,2.671,104,484,1023
FG,玻璃,能源化工,1013,上涨,12.07,20.88,19.05,下跌,10.05,20.54,21.92,下跌,45.42,9.65,31.99,24.8561,2.4537,104,484,1023
NR,20号胶,能源化工,14870,上涨,14.02,24.76,13.95,上涨,26.89,26.22,14.25,上涨,12.46,22.16,24.6,359.6351,2.4185,104,484,1023
J,焦炭,黑色金属,1782,上涨,11.71,22.26,16.92,上涨,17.36,22.04,18.69,上涨,33.1,9.46,20.52,41.2143,2.3128,104,484,1023
JD,鸡蛋,农产品,4482,上涨,17.05,39.89,19.5,上涨,30.29,46.2,10.98,上涨,42.91,41.71,11.07,102.3212,2.2829,104,484,776
LH,生猪,农产品,10820,下跌,28.54,20.29,30.54,下跌,19.72,25.29,26.22,上涨,25.68,23.44,22.29,236.1326,2.1824,104,484,1023
RU,橡胶,能源化工,17540,上涨,13.67,24.2,15.02,上涨,23.14,23.26,16.27,下跌,15.31,21.98,28.29,378.2874,2.1567,104,484,1023
AO,氧化铝,有色金属,2713,上涨,10.18,20.31,19.67,下跌,11.2,20.65,21.43,上涨,26.55,14.48,19.2,56.4098,2.0792,104,484,1023
SI,工业硅,有色金属,8460,上涨,13.52,18.16,20.6,上涨,8.8,21.15,22.85,上涨,38.14,12.83,28.73,175.6364,2.0761,104,484,1023
SA,纯碱,能源化工,1178,上涨,15.65,18.85,19.42,下跌,11.53,18.97,22.88,下跌,41.71,8.81,29.09,23.5771,2.0014,104,484,1023
AU,沪金,贵金属,986.64,上涨,40.61,27.76,21.52,下跌,14.13,18.95,30.79,上涨,28.45,23.83,23.91,19.6296,1.9895,104,484,1023
UR,尿素,能源化工,1847,上涨,14.41,25.13,20.53,下跌,27.25,26.63,23.81,上涨,45.04,19.57,26.75,35.4638,1.9201,104,484,1023
SS,不锈钢,黑色金属,14900,上涨,21.42,25.86,15.98,下跌,29.87,24.32,15.94,上涨,27.07,32.28,18.98,280.9394,1.8855,104,484,1023
SF,硅铁,黑色金属,5876,上涨,9.99,21.92,15.33,上涨,16.97,22.39,13.77,上涨,12.53,25.64,20.86,109.6891,1.8667,104,484,1023
BC,国际铜,有色金属,92080,上涨,30.84,30.99,13.12,上涨,18.59,26.04,19.72,上涨,30.27,27.57,23.59,1609.829,1.7483,104,484,1023
CU,沪铜,有色金属,103980,上涨,31.18,31.38,13.2,上涨,18.01,25.83,19.88,上涨,30.45,28.03,22.61,1744.2374,1.6775,104,484,1023
I,铁矿石,黑色金属,800,上涨,9.92,22.25,19.09,上涨,12.38,20.64,19.03,下跌,29.86,13.67,30.93,12.4886,1.5611,104,484,1023
SM,锰硅,黑色金属,5920,上涨,13.18,18.08,16.96,下跌,17.32,19.67,23.29,上涨,16.4,22.88,24.07,91.4885,1.5454,104,484,1023
CF,棉花,农产品,16120,上涨,26.52,30.3,12.88,下跌,41.05,26.22,17.52,上涨,19.61,19.45,28.2,248.3657,1.5407,104,484,1023
AL,沪铝,有色金属,24525,上涨,25.07,30.3,14.67,下跌,12.63,24.7,22.26,上涨,22.69,24.28,15.84,377.1841,1.538,104,484,1023
ZN,沪锌,有色金属,24790,上涨,18.89,23.98,15.83,上涨,12.51,25.99,21.46,上涨,21.47,30.4,19.47,337.8005,1.3626,104,484,1023
SP,纸浆,能源化工,4996,下跌,12.69,20.37,22.77,上涨,13.51,15.9,23.61,下跌,28.91,12.34,32.04,67.9064,1.3592,104,484,1023
HC,热卷,黑色金属,3418,上涨,9.12,23.1,18.31,上涨,25.45,24.71,14.8,上涨,22.55,16.44,20.84,34.5895,1.012,104,484,1023
SR,白糖,农产品,5392,观望,0,0,0,上涨,13.04,20.85,20.01,观望,0,0,0,54.1999,1.0052,0,484,0
RB,螺纹钢,黑色金属,3189,上涨,8.91,20.21,17.56,上涨,18.09,25.02,18.33,上涨,30.72,14.92,24.89,30.7317,0.9637,104,484,1023
PB,沪铅,有色金属,16540,下跌,18.24,14.67,22.17,下跌,7.35,18.85,24.25,上涨,22.96,36.33,15.58,158.9011,0.9607,104,484,1023
