rank,symbol,inst_id,name_cn,1H_趋势,1H_交易价格,1H_交易时间,1H_盈亏%,1H_收盘价,MACD_1H,DIF_1H,ADX_1H,ATR_1H,SAR_1H,SAR颜色_1H,ER_1H,4H_趋势,4H_交易价格,4H_交易时间,4H_盈亏%,4H_收盘价,MACD_4H,DIF_4H,ADX_4H,ATR_4H,SAR_4H,SAR颜色_4H,ER_4H,1D_趋势,1D_交易价格,1D_交易时间,1D_盈亏%,1D_收盘价,MACD_1D,DIF_1D,ADX_1D,ATR_1D,SAR_1D,SAR颜色_1D,ER_1D,15m_趋势,15m_交易价格,15m_交易时间,15m_盈亏%,15m_收盘价,MACD_15m,DIF_15m,ADX_15m,ATR_15m,SAR_15m,SAR颜色_15m,ER_15m
1,BTC,BTC-USDT-SWAP,比特币,上涨,84087.4,2026-10-7 15:00:00,-13.19,82977.9,97.6369,-371.1476,49.84,4.7985,82663.7,green,0.1002,下跌,85221.3,2026-10-5 20:00:00,26.32,82977.9,-545.2234,-581.8541,29.35,8.9076,82185.7,green,0.6933,下跌,83045.8,2026-9-29 00:00:00,0.82,82977.9,-775.0817,1419.8222,42.56,25.8064,82185.7,green,0.2224,上涨,82874.6,2026-10-8 13:15:00,0.96,82954.0,96.1874,-23.1602,27.78,2.8064,82910.0,green,0.575
2,ETH,ETH-USDT-SWAP,以太坊,上涨,2568.2,2026-10-7 21:00:00,-1.2,2565.12,7.4889,-14.7951,50.48,5.7759,2559.13,green,0.3951,上涨,2565.36,2026-10-8 16:00:00,0.0,2565.36,-21.4574,-36.4755,35.24,11.0365,2545.42,green,0.7863,下跌,2677.02,2026-9-28 00:00:00,41.71,2565.36,-48.057,34.6424,37.97,31.8484,2537.33,green,0.6169,上涨,2571.13,2026-10-8 13:15:00,-2.24,2565.36,0.7788,-0.9164,21.09,3.3578,2562.44,green,0.4155
3,XRP,XRP-USDT-SWAP,瑞波币,上涨,1.4247,2026-10-8 02:00:00,-11.3,1.4086,0.002,-0.0146,53.2,8.3771,1.3993,green,0.3486,下跌,1.492,2026-10-5 20:00:00,55.9,1.4086,-0.0171,-0.0239,30.08,15.3344,1.3881,green,0.8691,下跌,1.5173,2026-9-29 00:00:00,71.64,1.4086,-0.0319,0.0165,27.59,50.5466,1.3881,green,0.4673,上涨,1.3999,2026-10-8 14:30:00,6.21,1.4086,0.0021,-0.0028,30.77,4.8275,1.4053,green,0.5463
4,BNB,BNB-USDT-SWAP,币安币,下跌,766.5,2026-10-8 12:00:00,-1.83,767.9,0.0069,-1.2488,27.79,4.8317,767.0,green,0.3846,上涨,768.4,2026-10-8 12:00:00,-0.65,767.9,-2.8452,-3.1558,25.06,9.452,761.8,green,0.4125,下跌,769.2,2026-10-7 00:00:00,1.04,768.4,-5.9877,12.4912,30.33,28.5949,757.9,green,0.075,上涨,770.1,2026-10-8 13:15:00,-2.86,767.9,0.2006,-0.5583,27.81,2.8728,767.5,green,0.3043
5,USDC,USDC-USDT-SWAP,美元稳定币,上涨,1.0,2026-10-8 05:00:00,0.32,1.0003,0.0001,-0.0,14.5,0.1,1.0001,green,0.8613,上涨,1.0003,2026-10-8 16:00:00,0.0,1.0003,-0.0,-0.0,25.85,0.2999,1.0,green,0.0061,上涨,1.0003,2026-9-30 00:00:00,0.02,1.0003,0.0001,0.0,28.42,0.4999,1.0,green,0.2439,上涨,1.0003,2026-10-8 16:00:00,0.0,1.0003,0.0,0.0001,26.21,0.1,1.0002,green,0.423
6,SOL,SOL-USDT-SWAP,索拉纳,上涨,116.69,2026-10-7 23:00:00,-14.83,114.96,0.0248,-0.8276,42.51,7.0294,114.78,green,0.3677,下跌,118.17,2026-10-7 08:00:00,27.67,114.9,-1.067,-1.2668,25.85,13.0487,114.12,green,0.8018,下跌,118.16,2026-9-29 00:00:00,27.59,114.9,-2.1527,3.5643,38.49,40.9678,114.12,green,0.175,上涨,115.54,2026-10-8 13:15:00,-5.54,114.9,0.0151,-0.2296,22.85,4.2498,114.78,green,0.1293
7,TRX,TRX-USDT-SWAP,波场,下跌,0.3348,2026-10-8 06:00:00,0.81,0.3345,-0.0002,0.0001,17.72,2.0927,0.3343,green,0.9286,上涨,0.3353,2026-10-8 00:00:00,-2.42,0.3345,0.0,-0.0002,13.15,4.1854,0.3343,green,0.3806,上涨,0.3365,2026-10-3 00:00:00,-5.85,0.3345,-0.0006,-0.0005,10.68,12.855,0.3312,green,0.1429,上涨,0.3348,2026-10-8 14:15:00,-0.69,0.3345,-0.0001,-0.0002,33.66,1.1958,0.3343,green,0.2371
8,DOGE,DOGE-USDT-SWAP,狗狗币,上涨,0.0909,2026-10-7 15:00:00,-33.46,0.0878,0.0001,-0.0009,55.35,9.1116,0.087,green,0.4007,下跌,0.0954,2026-10-6 00:00:00,78.7,0.0879,-0.0011,-0.0017,29.59,19.3402,0.0853,green,0.6336,下跌,0.0933,2026-9-28 00:00:00,58.84,0.0878,-0.0022,0.0011,21.47,55.8087,0.0853,green,0.5111,上涨,0.0875,2026-10-8 14:00:00,3.54,0.0878,0.0001,-0.0002,39.87,4.5558,0.0875,green,0.4783
9,ADA,ADA-USDT-SWAP,艾达币,下跌,0.2522,2026-10-8 13:00:00,-0.4,0.2523,0.0002,-0.0019,30.92,11.8906,0.2512,green,0.3034,下跌,0.2714,2026-10-6 20:00:00,70.38,0.2523,-0.0042,-0.0009,19.2,25.763,0.2495,green,0.424,下跌,0.2559,2026-10-7 00:00:00,14.07,0.2523,-0.0007,0.0104,38.81,65.002,0.2488,green,0.1039,上涨,0.2529,2026-10-8 14:45:00,-2.37,0.2523,-0.0,-0.0007,18.26,6.738,0.2512,green,0.2653
10,AVAX,AVAX-USDT-SWAP,雪崩协议,下跌,10.98,2026-10-8 05:00:00,12.11,10.847,-0.048,-0.1032,19.73,14.9719,10.803,green,0.3355,下跌,11.018,2026-10-7 08:00:00,15.43,10.848,-0.1132,-0.0253,14.69,24.6589,10.66,green,0.4715,下跌,10.328,2026-9-28 00:00:00,-51.22,10.857,-0.1797,0.7018,43.19,63.4061,10.66,green,0.0218,上涨,10.953,2026-10-8 13:15:00,-9.68,10.847,0.0176,-0.0459,16.69,8.2696,10.803,green,0.206
11,LTC,LTC-USDT-SWAP,莱特币,下跌,64.26,2026-10-8 13:00:00,-2.8,64.44,-0.135,-0.8449,51.65,7.9516,64.11,green,0.78,下跌,70.66,2026-10-5 04:00:00,88.45,64.41,-1.0056,-1.259,28.75,16.7179,63.98,green,0.9379,下跌,67.1,2026-9-30 00:00:00,40.09,64.41,-1.7835,3.1077,44.55,54.6266,63.98,green,0.1751,上涨,64.14,2026-10-8 14:15:00,4.68,64.44,0.0606,-0.3486,39.74,4.8045,64.3,green,0.4687
12,SHIB,SHIB-USDT-SWAP,柴犬币,上涨,,2026-10-7 18:00:00,-14.6,,0.0,-0.0,49.66,,0.0,,0.2712,上涨,,2026-10-8 16:00:00,0.0,,-0.0,-0.0,29.17,,0.0,,0.6148,下跌,,2026-9-28 00:00:00,43.39,,-0.0,0.0,18.87,,0.0,,0.3784,上涨,,2026-10-8 14:30:00,4.84,,0.0,-0.0,27.21,,0.0,,0.4568
13,POL,POL-USDT-SWAP,多边形,上涨,0.1027,2026-10-7 17:00:00,-4.77,0.1023,0.0004,-0.0006,38.34,10.7527,0.101,green,0.0839,上涨,0.1022,2026-10-8 16:00:00,0.0,0.1022,-0.0007,-0.002,24.97,21.5264,0.1001,green,0.2213,下跌,0.1134,2026-9-30 00:00:00,97.84,0.1023,-0.0035,0.0013,19.32,66.4712,0.1001,green,0.541,上涨,0.1015,2026-10-8 13:00:00,7.49,0.1023,0.0003,0.0,20.68,5.8651,0.1016,green,0.8571
14,XLM,XLM-USDT-SWAP,恒星币,上涨,0.2032,2026-10-7 19:00:00,-21.01,0.199,0.0007,-0.002,55.97,7.5377,0.1979,green,0.2261,上涨,0.199,2026-10-8 16:00:00,0.0,0.199,-0.0022,-0.0051,33.0,17.5879,0.1965,green,0.6613,下跌,0.2222,2026-9-30 00:00:00,104.66,0.199,-0.0061,0.0042,31.55,61.809,0.1965,green,0.5156,上涨,0.1996,2026-10-8 13:15:00,-3.11,0.199,0.0002,-0.0002,22.65,4.5226,0.1985,green,0.5593
15,DASH,DASH-USDT-SWAP,达世币,上涨,54.44,2026-10-7 15:00:00,-4.78,54.18,0.3092,-0.1777,36.04,11.0871,53.61,green,0.119,上涨,53.77,2026-10-8 08:00:00,7.63,54.18,-0.1165,-1.4559,38.24,22.3385,52.63,green,0.1092,下跌,60.26,2026-9-29 00:00:00,100.9,54.18,-3.0293,0.3554,25.29,87.4529,51.77,green,0.4716,上涨,53.76,2026-10-8 13:15:00,7.81,54.18,0.1269,0.1071,16.88,6.0391,53.99,green,0.5914
16,DOT,DOT-USDT-SWAP,波卡,上涨,1.1202,2026-10-7 16:00:00,-18.12,1.0999,0.0036,-0.0116,44.1,13.183,1.0944,green,0.3657,下跌,1.2013,2026-10-6 20:00:00,84.41,1.0999,-0.0179,-0.028,27.3,26.8206,1.081,green,0.4606,下跌,1.1672,2026-9-28 00:00:00,58.43,1.099,-0.0388,0.0307,26.56,75.0682,1.081,green,0.4194,上涨,1.1078,2026-10-8 13:15:00,-7.13,1.0999,0.0005,-0.0026,26.92,7.8189,1.0944,green,0.2614
17,ATOM,ATOM-USDT-SWAP,宇宙,上涨,1.69,2026-10-7 17:00:00,46.75,1.769,0.0158,0.0077,28.9,13.1713,1.739,green,0.4128,上涨,1.748,2026-10-8 08:00:00,12.01,1.769,0.0003,-0.002,19.2,21.7637,1.698,green,0.4844,下跌,1.706,2026-9-28 00:00:00,-36.93,1.769,-0.0171,0.0293,22.79,59.6382,1.665,green,0.252,上涨,1.734,2026-10-8 14:00:00,20.18,1.769,0.0083,0.0116,25.26,7.8575,1.762,green,0.6897
18,ETC,ETC-USDT-SWAP,以太经典,上涨,8.355,2026-10-7 19:00:00,5.27,8.399,0.0186,-0.0426,42.73,9.2987,8.336,green,0.2819,上涨,8.398,2026-10-8 16:00:00,0.0,8.398,-0.0577,-0.1459,30.18,17.5994,8.255,green,0.2506,下跌,9.083,2026-9-29 00:00:00,75.53,8.397,-0.2736,0.1519,32.12,59.1997,8.246,green,0.4894,上涨,8.37,2026-10-8 14:00:00,3.46,8.399,0.0116,-0.0122,29.06,5.5721,8.36,green,0.4828
19,BCH,BCH-USDT-SWAP,比特现金,上涨,302.2,2026-10-7 23:00:00,-19.85,296.2,-0.049,-2.8553,60.61,8.7616,294.2,green,0.3793,下跌,317.0,2026-10-4 20:00:00,65.93,296.1,-3.4451,-4.6419,31.59,15.3769,292.4,green,0.9652,下跌,306.9,2026-9-29 00:00:00,34.86,296.2,-7.9043,12.171,38.47,57.3177,292.4,green,0.3729,上涨,294.8,2026-10-8 14:30:00,4.41,296.1,0.3933,-0.8319,32.59,5.3313,295.5,green,0.4667
20,TON,TON-USDT-SWAP,电报币,下跌,1.922,2026-5-26 08:00:00,15.62,1.892,-0.0252,0.0271,35.89,21.6173,,,,上涨,1.8233,2026-5-25 12:00:00,38.25,1.893,0.0492,-0.0052,30.18,40.6762,,,,下跌,2.133,2026-5-15 00:00:00,112.52,1.893,-0.0997,0.0445,30.08,102.6941,,,,,,,,,,,,,,,
21,CRO,CRO-USDT-SWAP,克罗诺斯,上涨,0.0645,2026-10-7 15:00:00,-20.16,0.0632,0.0003,-0.0005,40.53,11.0759,0.0627,green,0.358,上涨,0.0632,2026-10-8 16:00:00,0.0,0.0632,-0.0007,-0.0013,30.56,22.1519,0.0614,green,0.3552,下跌,0.0658,2026-10-3 00:00:00,39.53,0.0632,-0.0013,0.0017,33.65,63.2911,0.0614,green,0.4455,上涨,0.063,2026-10-8 14:45:00,2.7,0.0632,0.0002,0.0001,15.6,6.3291,0.0629,green,0.5578
22,XAUT,XAUT-USDT-SWAP,数字黄金,,,,,,,,,,,,,,,,,,,,,,,,,,,,,,,,,,,,,,,,,,,,,,,,
23,INJ,INJ-USDT-SWAP,因哲媞,下跌,7.342,2026-10-8 12:00:00,-4.09,7.372,0.0067,-0.0482,17.89,16.4542,7.322,green,0.1824,下跌,7.484,2026-10-7 08:00:00,14.97,7.372,-0.0719,-0.0555,11.41,30.5616,7.24,green,0.3071,下跌,7.802,2026-9-27 00:00:00,55.11,7.372,-0.2323,0.3239,39.61,79.6799,7.194,green,0.0956,上涨,7.368,2026-10-8 14:45:00,0.81,7.374,0.01,-0.0135,17.61,8.5571,7.33,green,0.3414
24,LINK,LINK-USDT-SWAP,链环,上涨,13.126,2026-10-8 14:00:00,-1.22,13.11,-0.0076,-0.14,43.24,9.0465,13.059,green,0.4908,下跌,13.618,2026-10-7 08:00:00,37.74,13.104,-0.138,-0.2455,34.02,18.8797,12.961,green,0.8044,下跌,13.822,2026-10-3 00:00:00,51.37,13.112,-0.3348,0.4541,30.68,56.4597,12.961,green,0.5599,上涨,13.156,2026-10-8 13:00:00,-3.34,13.112,0.0088,-0.0356,26.11,5.2395,13.059,green,0.1594
25,NEAR,NEAR-USDT-SWAP,万物协议,下跌,5.302,2026-10-8 09:00:00,-17.35,5.394,0.015,0.0749,21.51,24.5087,5.358,green,0.2054,上涨,5.334,2026-10-8 04:00:00,11.06,5.393,0.0467,0.0996,22.79,38.3831,5.266,green,0.4347,下跌,4.818,2026-10-2 00:00:00,-119.34,5.393,-0.0899,0.5682,62.77,86.056,4.87,green,0.422,下跌,5.438,2026-10-8 15:30:00,8.09,5.394,-0.014,0.0228,20.97,15.1465,5.358,green,0.097
26,UNI,UNI-USDT-SWAP,优尼,上涨,8.183,2026-10-7 15:00:00,-47.42,7.795,0.0401,-0.1105,46.74,13.0981,7.726,green,0.3672,上涨,7.776,2026-10-8 12:00:00,2.44,7.795,-0.1374,-0.3244,34.77,25.3239,7.685,green,0.5656,下跌,8.832,2026-9-28 00:00:00,117.41,7.795,-0.5671,0.3568,41.87,84.9262,7.685,green,0.9878,上涨,7.765,2026-10-8 14:45:00,3.86,7.795,0.0084,-0.0217,21.7,7.4022,7.763,green,0.4081
27,TRUMP,TRUMP-USDT-SWAP,川普币,上涨,1.847,2026-10-7 21:00:00,5.41,1.857,0.0089,-0.0152,54.49,11.7932,1.847,green,0.2143,上涨,1.856,2026-10-8 12:00:00,0.54,1.857,-0.0191,-0.0536,35.4,25.525,1.805,green,0.3333,下跌,2.028,2026-10-5 00:00:00,84.32,1.857,-0.0457,-0.0376,16.53,87.5606,1.763,green,0.4883,上涨,1.858,2026-10-8 13:15:00,-0.54,1.857,0.0033,-0.0011,26.61,6.1928,1.852,green,0.6129
28,ZEC,ZEC-USDT-SWAP,,下跌,1317.45,2026-10-8 10:00:00,57.91,1241.15,-16.8767,-22.3503,23.48,16.744,1236.69,green,0.8714,下跌,1323.88,2026-10-7 08:00:00,62.49,1241.15,-16.948,-20.1061,15.56,31.4292,1227.62,green,0.5913,下跌,1515.44,2026-9-24 00:00:00,181.0,1241.15,-88.263,27.5439,34.06,88.4111,1227.62,green,0.4573,上涨,1244.04,2026-10-8 14:00:00,-2.94,1240.38,3.2914,-16.927,42.04,8.8252,1236.69,green,0.1353
29,HYPE,HYPE-USDT-SWAP,,上涨,88.079,2026-10-8 04:00:00,-8.67,87.315,0.1127,-0.7749,46.6,9.0592,86.86,green,0.4232,下跌,92.968,2026-10-6 12:00:00,60.81,87.315,-1.2225,-0.8235,25.8,16.7268,86.608,green,0.5706,下跌,88.499,2026-10-7 00:00:00,13.37,87.316,-1.3183,1.5258,25.08,47.0968,86.608,green,0.0082,上涨,87.287,2026-10-8 13:30:00,0.33,87.316,0.068,-0.1716,25.96,4.5834,87.05,green,0.2953
30,CC,CC-USDT-SWAP,,上涨,0.1181,2026-10-8 16:00:00,0.0,0.1181,0.0002,-0.0012,23.9,11.8544,0.1161,green,0.1963,下跌,0.1255,2026-10-5 16:00:00,59.03,0.1181,-0.0017,-0.0019,23.71,23.7087,0.1149,green,0.2026,下跌,0.124,2026-9-30 00:00:00,47.5,0.1181,-0.0016,0.0036,22.7,73.6664,0.1149,green,0.1352,上涨,0.117,2026-10-8 13:00:00,9.57,0.1181,0.0006,-0.0002,27.83,5.9272,0.1172,green,0.9449
31,GRAM,GRAM-USDT-SWAP,,上涨,1.471,2026-10-7 15:00:00,-29.91,1.427,0.0045,-0.014,55.49,9.2502,1.411,green,0.0286,下跌,1.523,2026-10-7 04:00:00,63.03,1.427,-0.0178,-0.0268,28.99,18.9909,1.41,green,0.55,下跌,1.506,2026-10-1 00:00:00,52.46,1.427,-0.022,0.0214,25.18,52.2775,1.41,green,0.2832,上涨,1.418,2026-10-8 14:30:00,6.35,1.427,0.0025,-0.0017,17.0,4.9054,1.422,green,0.5714
32,HBAR,HBAR-USDT-SWAP,,上涨,0.0933,2026-10-7 23:00:00,4.29,0.0937,0.0006,-0.0008,46.04,10.6724,0.0924,green,0.2267,上涨,0.0937,2026-10-8 16:00:00,0.0,0.0937,-0.0009,-0.0026,34.49,20.2775,0.0911,green,0.4977,下跌,0.104,2026-10-2 00:00:00,99.08,0.0937,-0.0035,0.0042,39.41,73.6393,0.0911,green,0.75,上涨,0.0929,2026-10-8 14:00:00,8.07,0.0936,0.0002,0.0001,19.68,6.4103,0.093,green,0.8182
33,SUI,SUI-USDT-SWAP,,上涨,1.1326,2026-10-7 16:00:00,-2.65,1.1296,0.0046,-0.0046,34.44,11.8626,1.1234,green,0.0355,上涨,1.1281,2026-10-8 12:00:00,2.75,1.1312,-0.0107,-0.0168,23.07,23.6917,1.1158,green,0.1391,下跌,1.149,2026-10-1 00:00:00,15.49,1.1312,-0.021,0.0882,42.85,73.1966,1.1043,green,0.0731,上涨,1.129,2026-10-8 14:45:00,1.86,1.1311,0.0003,0.0002,16.07,7.2496,1.1259,green,0.4088
34,TAO,TAO-USDT-SWAP,,下跌,282.5,2026-10-8 12:00:00,-4.96,283.9,-0.464,-3.1153,27.69,14.5086,282.2,green,0.5385,下跌,292.9,2026-10-7 08:00:00,29.7,284.2,-3.6008,-4.3983,22.88,27.3096,279.6,green,0.6735,下跌,306.3,2026-9-30 00:00:00,72.8,284.0,-8.8218,11.0378,32.64,74.2644,279.6,green,0.3515,上涨,284.1,2026-10-8 13:30:00,0.35,284.2,0.4173,-1.1836,27.27,8.3054,283.2,green,0.2927
35,OKB,OKB-USDT-SWAP,,下跌,129.1,2026-10-8 12:00:00,8.06,128.06,-0.7089,-1.0573,18.83,11.9171,127.61,green,0.7307,下跌,131.74,2026-10-7 16:00:00,27.93,128.06,-1.7244,1.5357,38.18,22.7151,127.61,green,0.5898,上涨,126.84,2026-10-5 00:00:00,9.62,128.06,1.3615,4.0508,28.23,44.961,126.692,green,0.2803,上涨,130.24,2026-10-8 13:15:00,-16.97,128.03,-0.2049,-0.7461,33.86,5.733,127.61,green,0.2954
36,ASTER,ASTER-USDT-SWAP,,上涨,0.714,2026-10-7 15:00:00,2.38,0.7157,0.0033,-0.0013,25.12,10.0601,0.7087,green,0.4619,下跌,0.7359,2026-10-7 04:00:00,27.59,0.7156,-0.0029,-0.0041,21.42,19.8435,0.6924,green,0.0497,下跌,0.7162,2026-10-7 00:00:00,0.7,0.7157,-0.0048,0.0027,14.29,53.7935,0.6924,green,0.2543,上涨,0.7053,2026-10-8 12:45:00,14.75,0.7157,0.0012,0.0019,13.32,5.3095,0.7132,green,0.6512
37,AAVE,AAVE-USDT-SWAP,,下跌,171.52,2026-10-8 13:00:00,-4.49,172.29,0.3107,-0.8111,17.16,10.9815,171.96,green,0.1654,上涨,172.28,2026-10-8 16:00:00,0.0,172.28,-2.1102,-1.3599,24.57,21.6705,171.34,green,0.467,下跌,171.77,2026-10-7 00:00:00,-2.97,172.28,0.8741,12.6457,42.61,62.4547,142.9192,green,0.1183,上涨,172.85,2026-10-8 14:30:00,-3.3,172.28,-0.1101,-0.2547,12.58,6.2422,171.96,green,0.1822
38,WLFI,WLFI-USDT-SWAP,,上涨,0.0542,2026-10-7 21:00:00,20.86,0.0553,0.0002,-0.0,30.19,7.2333,0.0548,green,0.5135,上涨,0.0553,2026-10-8 16:00:00,0.0,0.0553,-0.0,-0.0001,22.19,14.4665,0.0539,green,0.1378,上涨,0.0553,2026-10-8 00:00:00,0.0,0.0553,-0.0003,-0.0005,15.88,43.3996,0.0537,green,0.0055,上涨,0.0544,2026-10-8 11:45:00,15.43,0.0553,0.0001,0.0001,23.33,3.6166,0.0552,green,0.8621
39,PUMP,PUMP-USDT-SWAP,,下跌,0.006,2026-10-8 12:00:00,-14.91,0.0061,-0.0,-0.0001,14.9,32.7869,0.006,green,0.3508,下跌,0.0063,2026-10-5 20:00:00,43.26,0.0061,-0.0001,0.0,27.19,49.1803,0.0059,green,0.6225,下跌,0.0061,2026-10-8 00:00:00,0.0,0.0061,0.0002,0.0006,34.14,98.3607,0.0059,green,0.3085,上涨,0.006,2026-10-8 13:30:00,4.64,0.0061,0.0,-0.0,14.86,16.3934,0.006,green,0.3436
40,ONDO,ONDO-USDT-SWAP,,上涨,0.4698,2026-10-8 15:00:00,3.62,0.4715,0.0022,-0.0019,23.2,13.3616,0.4637,green,0.1848,上涨,0.4698,2026-10-8 12:00:00,3.62,0.4715,-0.0025,-0.0078,17.55,26.9353,0.4585,green,0.0492,下跌,0.5008,2026-9-30 00:00:00,58.51,0.4715,-0.0148,0.023,40.81,78.473,0.4563,green,0.2081,上涨,0.4682,2026-10-8 13:15:00,7.05,0.4715,0.0016,0.0006,17.97,7.8473,0.4686,green,0.6028
41,ENA,ENA-USDT-SWAP,,上涨,0.2212,2026-10-8 16:00:00,0.0,0.2212,-0.0002,-0.0034,32.21,16.7269,0.2193,green,0.2665,下跌,0.2455,2026-10-6 08:00:00,98.87,0.2212,-0.0034,-0.0059,27.01,37.9747,0.2148,green,0.795,下跌,0.244,2026-10-2 00:00:00,93.17,0.2212,-0.0117,0.016,54.26,96.745,0.2148,green,0.5372,上涨,0.222,2026-10-8 13:15:00,-3.38,0.2212,0.0006,-0.0009,26.3,8.5895,0.2198,green,0.4043
42,MORPHO,MORPHO-USDT-SWAP,,上涨,2.5631,2026-10-7 16:00:00,-8.0,2.5426,0.0169,-0.0134,31.32,12.3889,2.5224,green,0.2282,上涨,2.5453,2026-10-8 16:00:00,0.0,2.5453,-0.0277,-0.037,21.15,23.73,2.4814,green,0.1704,下跌,2.5546,2026-9-28 00:00:00,3.64,2.5453,-0.0329,0.0448,24.82,75.6296,2.4538,green,0.132,上涨,2.5083,2026-10-8 13:00:00,14.75,2.5453,0.0069,0.0072,19.04,7.9362,2.5302,green,0.3922
43,PEPE,PEPE-USDT-SWAP,,上涨,,2026-10-7 15:00:00,-24.62,,0.0,-0.0,42.54,,0.0,,0.431,上涨,,2026-10-8 12:00:00,0.74,,-0.0,-0.0,25.39,,0.0,,0.5484,下跌,,2026-9-27 00:00:00,75.07,,-0.0,0.0,28.3,,0.0,,0.6164,上涨,,2026-10-8 14:30:00,6.48,,0.0,-0.0,30.84,,0.0,,0.4
44,ICP,ICP-USDT-SWAP,,上涨,3.19,2026-10-7 17:00:00,-2.82,3.181,0.011,-0.0213,42.66,13.2034,3.146,green,0.2647,下跌,3.401,2026-10-6 20:00:00,66.45,3.175,-0.0459,-0.0489,24.42,27.3071,3.132,green,0.25,下跌,3.276,2026-10-3 00:00:00,29.0,3.181,-0.0422,0.1501,32.75,72.6815,3.114,green,0.1547,上涨,3.169,2026-10-8 15:00:00,3.79,3.181,0.0005,-0.0056,25.5,7.4191,3.168,green,0.4203
45,WLD,WLD-USDT-SWAP,,上涨,0.5228,2026-10-7 16:00:00,4.59,0.5252,0.0046,-0.0017,26.09,14.8515,0.5228,green,0.3095,上涨,0.518,2026-10-8 08:00:00,13.9,0.5252,-0.0062,-0.011,21.53,32.3686,0.5089,green,0.0248,下跌,0.5542,2026-10-6 00:00:00,51.61,0.5256,-0.0029,0.0357,36.5,97.2222,0.5084,green,0.1897,下跌,0.5238,2026-10-8 15:45:00,-2.86,0.5253,0.0006,0.0021,17.47,9.8991,0.5228,green,0.155
46,SKY,SKY-USDT-SWAP,,上涨,0.0802,2026-10-8 02:00:00,-6.61,0.0797,0.0006,-0.0014,36.94,13.8018,0.0788,green,0.0227,上涨,0.0797,2026-10-8 16:00:00,0.0,0.0797,-0.0022,-0.0026,28.0,36.3864,0.0782,green,0.7409,下跌,0.0874,2026-10-6 00:00:00,88.66,0.0797,-0.0007,0.0048,37.69,90.3388,0.0782,green,0.0315,上涨,0.079,2026-10-8 14:30:00,7.72,0.0796,0.0002,-0.0,15.23,6.2814,0.0793,green,0.5205
47,VVV,VVV-USDT-SWAP,,上涨,25.376,2026-10-8 06:00:00,-19.66,24.877,0.0411,-0.4623,48.1,14.2059,24.758,green,0.446,下跌,28.027,2026-10-5 20:00:00,112.43,24.876,-0.5643,-0.8837,20.5,32.2962,24.606,green,0.6497,下跌,30.02,2026-9-27 00:00:00,171.09,24.884,-1.5875,0.8844,43.64,104.4728,24.606,green,0.3182,上涨,24.995,2026-10-8 14:00:00,-4.44,24.884,0.0164,-0.11,32.71,7.4104,24.758,green,0.0179
48,LIT,LIT-USDT-SWAP,,上涨,3.5313,2026-10-8 00:00:00,8.21,3.5603,0.0181,-0.0326,15.13,14.8583,3.5306,green,0.1686,下跌,3.8496,2026-10-6 20:00:00,74.19,3.564,-0.0462,-0.073,21.59,34.8765,3.4917,green,0.3897,下跌,4.5788,2026-9-10 00:00:00,221.89,3.5628,-0.2521,-0.1914,28.21,119.625,3.4909,green,0.2903,下跌,3.5532,2026-10-8 14:45:00,-2.0,3.5603,-0.0016,-0.0031,11.69,8.4543,3.535,green,0.0474
49,ARB,ARB-USDT-SWAP,,上涨,0.1864,2026-10-7 16:00:00,-8.58,0.1848,0.0011,-0.0016,30.97,14.0693,0.183,green,0.1765,上涨,0.1845,2026-10-8 12:00:00,1.52,0.1848,-0.0024,-0.0051,27.16,29.2208,0.1805,green,0.3396,下跌,0.2207,2026-9-27 00:00:00,162.59,0.1848,-0.0126,0.0082,42.73,97.4026,0.18,green,0.6399,上涨,0.1833,2026-10-8 14:00:00,8.18,0.1848,0.0004,-0.0001,19.58,7.5758,0.1841,green,0.5281
50,PI,PI-USDT-SWAP,,上涨,0.0825,2026-10-7 20:00:00,-5.33,0.082,0.0004,-0.0006,68.3,10.9756,0.0819,green,0.5845,下跌,0.0833,2026-10-7 08:00:00,15.6,0.082,-0.0006,-0.0017,47.07,19.5122,0.0805,green,0.4484,下跌,0.087,2026-10-4 00:00:00,56.69,0.082,-0.0014,-0.0016,18.8,50.0,0.0796,green,0.8612,下跌,0.0822,2026-10-8 14:00:00,1.58,0.082,-0.0,0.0001,10.71,4.878,0.0819,green,0.1852
51,QNT,QNT-USDT-SWAP,,上涨,44.31,2026-10-8 03:00:00,-8.35,43.94,0.0359,-0.267,28.17,6.9959,43.82,green,0.3388,下跌,45.57,2026-10-7 08:00:00,35.77,43.94,-0.2212,-0.7113,34.65,12.7333,43.82,green,0.5877,下跌,51.81,2026-9-22 00:00:00,151.9,43.94,-0.8105,-1.8612,12.03,51.7183,43.69,green,0.5265,下跌,44.23,2026-10-8 13:30:00,6.56,43.94,-0.0796,-0.0963,22.53,3.746,43.82,green,0.44
52,ALGO,ALGO-USDT-SWAP,,上涨,0.1162,2026-10-8 00:00:00,77.0,0.1252,0.0019,0.0004,42.44,14.377,0.1177,green,0.6357,上涨,0.1186,2026-10-8 04:00:00,55.39,0.1252,0.0004,-0.0018,25.73,26.3578,0.116,green,0.4132,下跌,0.1306,2026-10-3 00:00:00,41.28,0.1252,-0.0022,0.007,35.94,70.2875,0.1152,green,0.0382,上涨,0.118,2026-10-8 13:15:00,60.58,0.1252,0.0019,0.0016,32.32,10.3834,0.1217,green,0.761
53,JUP,JUP-USDT-SWAP,,下跌,0.3769,2026-10-8 16:00:00,0.0,0.3769,0.0071,0.0122,41.6,20.1645,0.3726,green,0.5329,上涨,0.3586,2026-10-8 04:00:00,51.31,0.377,0.0082,0.0083,25.58,35.2785,0.3452,green,0.5707,下跌,0.3171,2026-10-1 00:00:00,-188.58,0.3769,0.001,0.0251,47.56,78.2701,0.3122,green,0.4643,下跌,0.3611,2026-10-8 08:15:00,-43.76,0.3769,-0.0013,0.0049,34.83,14.3274,0.3759,green,0.0973
54,RENDER,RENDER-USDT-SWAP,,上涨,2.031,2026-10-8 14:00:00,0.98,2.033,0.0086,-0.0107,13.23,18.7408,2.009,green,0.2165,下跌,2.058,2026-10-7 08:00:00,13.12,2.031,-0.0212,0.0099,17.54,33.0871,1.968,green,0.2825,下跌,1.946,2026-9-30 00:00:00,-44.71,2.033,0.0015,0.131,42.16,66.306,1.968,green,0.314,上涨,2.013,2026-10-8 13:00:00,9.94,2.033,0.0065,0.0051,19.51,10.4279,2.025,green,0.3226
55,FIL,FIL-USDT-SWAP,,上涨,1.0566,2026-10-7 21:00:00,1.89,1.0586,0.0093,-0.0084,24.6,14.2641,1.0528,green,0.1279,下跌,1.1577,2026-10-7 00:00:00,85.6,1.0586,-0.0207,-0.0079,22.77,31.4566,1.035,green,0.3996,下跌,1.0835,2026-9-29 00:00:00,22.98,1.0586,-0.0162,0.0548,29.49,88.5131,1.0177,green,0.1617,上涨,1.0606,2026-10-8 14:00:00,-1.89,1.0586,-0.0003,0.0011,18.49,7.6516,1.0528,green,0.21
56,AKE,AKE-USDT-SWAP,,,,,,,,,,,,,,,,,,,,,,,,,,,,,,,,,,,,,,,,,,,,,,,,,
